CAAP_Group	Gene	n_CAAS	Length	n_CAAS_per_length	threshold_extreme	Q1	Q3	IQR_val	threshold_dubious	Extreme	Dubious	Category
GS1	G1	1	1000	0.1	0.1	1	1	0	1	TRUE	TRUE	Both
GS4	G3	1	900	0.1111111111111111	0.1111111111111111	1	1	0	1	TRUE	TRUE	Both
US	G1	1	1000	0.1	0.09983333333333334	1	1	0	1	TRUE	TRUE	Both
US	G2	1	1200	0.08333333333333334	0.09983333333333334	1	1	0	1	FALSE	TRUE	Dubious
